<?xml version="1.0" encoding="UTF-8"?>

<!-- generated on 2025-03-08 22:45:26 by Eclipse SUMO sumo Version 1.19.0
<configuration xmlns:xsi="http://www.w3.org/2001/XMLSchema-instance" xsi:noNamespaceSchemaLocation="http://sumo.dlr.de/xsd/sumoConfiguration.xsd">

    <input>
        <net-file value="Network.net.xml"/>
        <route-files value="CarRoutes.rou.xml,BusRoutes.rou.xml"/>
        <additional-files value="BusStops.add.xml"/>
    </input>

    <output>
        <emission-output value="logs/Emissions.xml"/>
        <summary-output value="logs/Log_summary.xml"/>
        <summary-output.period value="300"/>
        <tripinfo-output value="logs/TripInfos.xml"/>
    </output>

    <time>
        <begin value="0"/>
        <end value="86400"/>
        <step-length value="0.25"/>
    </time>

    <processing>
        <ignore-junction-blocker value="0.1"/>
        <time-to-teleport value="-1"/>
    </processing>

    <report>
        <verbose value="true"/>
        <no-step-log value="true"/>
    </report>

    <emissions>
        <device.emissions.period value="10"/>
    </emissions>

    <traci_server>
        <remote-port value="50241"/>
    </traci_server>

    <gui_only>
        <quit-on-end value="true"/>
        <start value="true"/>
    </gui_only>

</configuration>
-->

<summary xmlns:xsi="http://www.w3.org/2001/XMLSchema-instance" xsi:noNamespaceSchemaLocation="http://sumo.dlr.de/xsd/summary_file.xsd">
    <step time="0.00" loaded="1" inserted="1" running="1" waiting="0" ended="0" arrived="0" collisions="0" teleports="0" halting="1" stopped="0" meanWaitingTime="0.00" meanTravelTime="-1.00" meanSpeed="0.00" meanSpeedRelative="0.00" duration="0"/>
    <step time="300.00" loaded="177" inserted="177" running="74" waiting="0" ended="103" arrived="103" collisions="0" teleports="0" halting="20" stopped="0" meanWaitingTime="2.63" meanTravelTime="87.25" meanSpeed="4.82" meanSpeedRelative="0.51" duration="2"/>
    <step time="600.00" loaded="382" inserted="381" running="103" waiting="1" ended="278" arrived="278" collisions="0" teleports="0" halting="15" stopped="1" meanWaitingTime="3.16" meanTravelTime="105.02" meanSpeed="4.59" meanSpeedRelative="0.51" duration="2"/>
    <step time="900.00" loaded="564" inserted="564" running="106" waiting="0" ended="458" arrived="458" collisions="0" teleports="0" halting="19" stopped="0" meanWaitingTime="2.96" meanTravelTime="129.07" meanSpeed="4.52" meanSpeedRelative="0.50" duration="3"/>
    <step time="1200.00" loaded="725" inserted="722" running="70" waiting="3" ended="652" arrived="652" collisions="0" teleports="0" halting="27" stopped="1" meanWaitingTime="2.49" meanTravelTime="142.17" meanSpeed="3.64" meanSpeedRelative="0.36" duration="3"/>
    <step time="1500.00" loaded="895" inserted="895" running="66" waiting="0" ended="829" arrived="829" collisions="0" teleports="0" halting="13" stopped="2" meanWaitingTime="2.34" meanTravelTime="136.12" meanSpeed="5.26" meanSpeedRelative="0.54" duration="2"/>
    <step time="1800.00" loaded="1068" inserted="1066" running="68" waiting="2" ended="998" arrived="998" collisions="0" teleports="0" halting="20" stopped="1" meanWaitingTime="2.13" meanTravelTime="134.32" meanSpeed="4.65" meanSpeedRelative="0.48" duration="3"/>
    <step time="2100.00" loaded="1237" inserted="1236" running="76" waiting="1" ended="1160" arrived="1160" collisions="0" teleports="0" halting="10" stopped="0" meanWaitingTime="2.08" meanTravelTime="134.03" meanSpeed="5.10" meanSpeedRelative="0.53" duration="4"/>
    <step time="2400.00" loaded="1388" inserted="1388" running="60" waiting="0" ended="1328" arrived="1328" collisions="0" teleports="0" halting="8" stopped="1" meanWaitingTime="2.00" meanTravelTime="132.00" meanSpeed="6.00" meanSpeedRelative="0.68" duration="2"/>
    <step time="2700.00" loaded="1556" inserted="1555" running="47" waiting="1" ended="1508" arrived="1508" collisions="0" teleports="0" halting="5" stopped="0" meanWaitingTime="1.86" meanTravelTime="130.13" meanSpeed="6.23" meanSpeedRelative="0.66" duration="2"/>
    <step time="3000.00" loaded="1702" inserted="1701" running="53" waiting="1" ended="1648" arrived="1648" collisions="0" teleports="0" halting="4" stopped="0" meanWaitingTime="1.73" meanTravelTime="127.94" meanSpeed="6.49" meanSpeedRelative="0.69" duration="2"/>
    <step time="3300.00" loaded="1864" inserted="1862" running="63" waiting="2" ended="1799" arrived="1799" collisions="0" teleports="0" halting="14" stopped="1" meanWaitingTime="1.74" meanTravelTime="125.04" meanSpeed="4.91" meanSpeedRelative="0.51" duration="3"/>
    <step time="3600.00" loaded="2024" inserted="2024" running="66" waiting="0" ended="1958" arrived="1958" collisions="0" teleports="0" halting="11" stopped="1" meanWaitingTime="1.66" meanTravelTime="123.30" meanSpeed="5.14" meanSpeedRelative="0.55" duration="3"/>
    <step time="3900.00" loaded="2169" inserted="2169" running="48" waiting="0" ended="2121" arrived="2121" collisions="0" teleports="0" halting="6" stopped="0" meanWaitingTime="1.58" meanTravelTime="123.16" meanSpeed="5.54" meanSpeedRelative="0.60" duration="2"/>
    <step time="4200.00" loaded="2325" inserted="2325" running="65" waiting="0" ended="2260" arrived="2260" collisions="0" teleports="0" halting="13" stopped="1" meanWaitingTime="1.56" meanTravelTime="122.54" meanSpeed="5.76" meanSpeedRelative="0.64" duration="2"/>
    <step time="4500.00" loaded="2476" inserted="2476" running="56" waiting="0" ended="2420" arrived="2420" collisions="0" teleports="0" halting="9" stopped="0" meanWaitingTime="1.50" meanTravelTime="122.57" meanSpeed="5.30" meanSpeedRelative="0.59" duration="2"/>
    <step time="4800.00" loaded="2644" inserted="2644" running="54" waiting="0" ended="2590" arrived="2590" collisions="0" teleports="0" halting="10" stopped="0" meanWaitingTime="1.49" meanTravelTime="122.27" meanSpeed="5.69" meanSpeedRelative="0.62" duration="2"/>
    <step time="5100.00" loaded="2813" inserted="2813" running="58" waiting="0" ended="2755" arrived="2755" collisions="0" teleports="0" halting="14" stopped="2" meanWaitingTime="1.45" meanTravelTime="121.26" meanSpeed="6.49" meanSpeedRelative="0.64" duration="3"/>
    <step time="5400.00" loaded="2993" inserted="2993" running="81" waiting="0" ended="2912" arrived="2912" collisions="0" teleports="0" halting="17" stopped="1" meanWaitingTime="1.55" meanTravelTime="120.37" meanSpeed="5.00" meanSpeedRelative="0.52" duration="3"/>
    <step time="5700.00" loaded="3143" inserted="3143" running="55" waiting="0" ended="3088" arrived="3088" collisions="0" teleports="0" halting="13" stopped="0" meanWaitingTime="1.52" meanTravelTime="120.59" meanSpeed="4.39" meanSpeedRelative="0.46" duration="2"/>
    <step time="6000.00" loaded="3329" inserted="3327" running="71" waiting="2" ended="3256" arrived="3256" collisions="0" teleports="0" halting="9" stopped="1" meanWaitingTime="1.54" meanTravelTime="120.31" meanSpeed="6.51" meanSpeedRelative="0.66" duration="3"/>
    <step time="6300.00" loaded="3480" inserted="3479" running="54" waiting="1" ended="3425" arrived="3425" collisions="0" teleports="0" halting="21" stopped="1" meanWaitingTime="1.55" meanTravelTime="120.38" meanSpeed="4.01" meanSpeedRelative="0.40" duration="2"/>
    <step time="6600.00" loaded="3641" inserted="3640" running="56" waiting="1" ended="3584" arrived="3584" collisions="0" teleports="0" halting="5" stopped="0" meanWaitingTime="1.56" meanTravelTime="120.48" meanSpeed="6.12" meanSpeedRelative="0.63" duration="3"/>
    <step time="6900.00" loaded="3810" inserted="3810" running="62" waiting="0" ended="3748" arrived="3748" collisions="0" teleports="0" halting="16" stopped="1" meanWaitingTime="1.52" meanTravelTime="120.22" meanSpeed="4.47" meanSpeedRelative="0.45" duration="3"/>
    <step time="7200.00" loaded="3994" inserted="3993" running="70" waiting="1" ended="3923" arrived="3923" collisions="0" teleports="0" halting="13" stopped="1" meanWaitingTime="1.55" meanTravelTime="119.83" meanSpeed="5.09" meanSpeedRelative="0.52" duration="3"/>
    <step time="7500.00" loaded="4153" inserted="4153" running="60" waiting="0" ended="4093" arrived="4093" collisions="0" teleports="0" halting="11" stopped="0" meanWaitingTime="1.53" meanTravelTime="120.08" meanSpeed="5.36" meanSpeedRelative="0.59" duration="2"/>
    <step time="7800.00" loaded="4321" inserted="4321" running="62" waiting="0" ended="4259" arrived="4259" collisions="0" teleports="0" halting="13" stopped="2" meanWaitingTime="1.52" meanTravelTime="119.70" meanSpeed="6.06" meanSpeedRelative="0.65" duration="2"/>
    <step time="8100.00" loaded="4480" inserted="4480" running="69" waiting="0" ended="4411" arrived="4411" collisions="0" teleports="0" halting="10" stopped="0" meanWaitingTime="1.49" meanTravelTime="119.48" meanSpeed="5.66" meanSpeedRelative="0.59" duration="3"/>
    <step time="8400.00" loaded="4656" inserted="4656" running="69" waiting="0" ended="4587" arrived="4587" collisions="0" teleports="0" halting="20" stopped="1" meanWaitingTime="1.55" meanTravelTime="119.25" meanSpeed="4.65" meanSpeedRelative="0.50" duration="3"/>
    <step time="8700.00" loaded="4869" inserted="4869" running="93" waiting="0" ended="4776" arrived="4776" collisions="0" teleports="0" halting="19" stopped="1" meanWaitingTime="1.76" meanTravelTime="119.08" meanSpeed="5.31" meanSpeedRelative="0.52" duration="4"/>
    <step time="9000.00" loaded="5040" inserted="5039" running="85" waiting="1" ended="4954" arrived="4954" collisions="0" teleports="0" halting="24" stopped="1" meanWaitingTime="1.73" meanTravelTime="119.66" meanSpeed="4.52" meanSpeedRelative="0.48" duration="4"/>
    <step time="9300.00" loaded="5227" inserted="5227" running="66" waiting="0" ended="5161" arrived="5161" collisions="0" teleports="0" halting="9" stopped="2" meanWaitingTime="1.70" meanTravelTime="120.11" meanSpeed="5.76" meanSpeedRelative="0.62" duration="3"/>
    <step time="9600.00" loaded="5421" inserted="5421" running="83" waiting="0" ended="5338" arrived="5338" collisions="0" teleports="0" halting="17" stopped="1" meanWaitingTime="1.74" meanTravelTime="119.78" meanSpeed="5.50" meanSpeedRelative="0.58" duration="3"/>
    <step time="9900.00" loaded="5602" inserted="5602" running="79" waiting="0" ended="5523" arrived="5523" collisions="0" teleports="0" halting="18" stopped="1" meanWaitingTime="1.84" meanTravelTime="119.98" meanSpeed="5.56" meanSpeedRelative="0.60" duration="4"/>
    <step time="10200.00" loaded="5755" inserted="5753" running="70" waiting="2" ended="5683" arrived="5683" collisions="0" teleports="0" halting="9" stopped="0" meanWaitingTime="1.85" meanTravelTime="120.20" meanSpeed="5.73" meanSpeedRelative="0.57" duration="4"/>
    <step time="10500.00" loaded="5935" inserted="5935" running="79" waiting="0" ended="5856" arrived="5856" collisions="0" teleports="0" halting="21" stopped="1" meanWaitingTime="1.88" meanTravelTime="119.96" meanSpeed="5.27" meanSpeedRelative="0.53" duration="3"/>
    <step time="10800.00" loaded="6122" inserted="6122" running="100" waiting="0" ended="6022" arrived="6022" collisions="0" teleports="0" halting="30" stopped="2" meanWaitingTime="1.92" meanTravelTime="119.97" meanSpeed="3.62" meanSpeedRelative="0.38" duration="4"/>
    <step time="11100.00" loaded="6315" inserted="6313" running="88" waiting="2" ended="6225" arrived="6225" collisions="0" teleports="0" halting="18" stopped="1" meanWaitingTime="1.90" meanTravelTime="120.74" meanSpeed="5.26" meanSpeedRelative="0.55" duration="3"/>
    <step time="11400.00" loaded="6490" inserted="6490" running="78" waiting="0" ended="6412" arrived="6412" collisions="0" teleports="0" halting="14" stopped="1" meanWaitingTime="1.89" meanTravelTime="121.39" meanSpeed="5.66" meanSpeedRelative="0.62" duration="3"/>
    <step time="11700.00" loaded="6661" inserted="6660" running="64" waiting="1" ended="6596" arrived="6596" collisions="0" teleports="0" halting="19" stopped="0" meanWaitingTime="1.87" meanTravelTime="121.54" meanSpeed="4.33" meanSpeedRelative="0.46" duration="2"/>
    <step time="12000.00" loaded="6814" inserted="6814" running="65" waiting="0" ended="6749" arrived="6749" collisions="0" teleports="0" halting="11" stopped="1" meanWaitingTime="1.85" meanTravelTime="121.47" meanSpeed="5.64" meanSpeedRelative="0.58" duration="3"/>
    <step time="12300.00" loaded="7006" inserted="7003" running="95" waiting="3" ended="6908" arrived="6908" collisions="0" teleports="0" halting="45" stopped="2" meanWaitingTime="1.87" meanTravelTime="121.21" meanSpeed="3.40" meanSpeedRelative="0.37" duration="4"/>
    <step time="12600.00" loaded="7195" inserted="7193" running="95" waiting="2" ended="7098" arrived="7098" collisions="0" teleports="0" halting="23" stopped="1" meanWaitingTime="2.00" meanTravelTime="121.95" meanSpeed="4.05" meanSpeedRelative="0.42" duration="4"/>
    <step time="12900.00" loaded="7373" inserted="7371" running="71" waiting="2" ended="7300" arrived="7300" collisions="0" teleports="0" halting="14" stopped="1" meanWaitingTime="2.02" meanTravelTime="122.41" meanSpeed="4.96" meanSpeedRelative="0.48" duration="3"/>
    <step time="13200.00" loaded="7530" inserted="7529" running="50" waiting="1" ended="7479" arrived="7479" collisions="0" teleports="0" halting="4" stopped="1" meanWaitingTime="2.00" meanTravelTime="122.12" meanSpeed="6.87" meanSpeedRelative="0.76" duration="2"/>
    <step time="13500.00" loaded="7710" inserted="7710" running="83" waiting="0" ended="7627" arrived="7627" collisions="0" teleports="0" halting="16" stopped="0" meanWaitingTime="1.99" meanTravelTime="121.78" meanSpeed="4.83" meanSpeedRelative="0.50" duration="3"/>
    <step time="13800.00" loaded="7907" inserted="7906" running="83" waiting="1" ended="7823" arrived="7823" collisions="0" teleports="0" halting="23" stopped="1" meanWaitingTime="1.98" meanTravelTime="121.61" meanSpeed="4.34" meanSpeedRelative="0.46" duration="4"/>
    <step time="14100.00" loaded="8115" inserted="8113" running="88" waiting="2" ended="8025" arrived="8025" collisions="0" teleports="0" halting="23" stopped="3" meanWaitingTime="1.99" meanTravelTime="121.75" meanSpeed="5.54" meanSpeedRelative="0.56" duration="3"/>
    <step time="14400.00" loaded="8293" inserted="8292" running="96" waiting="1" ended="8196" arrived="8196" collisions="0" teleports="0" halting="34" stopped="2" meanWaitingTime="2.02" meanTravelTime="122.03" meanSpeed="3.35" meanSpeedRelative="0.35" duration="4"/>
    <step time="14700.00" loaded="8466" inserted="8463" running="72" waiting="3" ended="8391" arrived="8391" collisions="0" teleports="0" halting="11" stopped="1" meanWaitingTime="2.04" meanTravelTime="122.58" meanSpeed="5.90" meanSpeedRelative="0.62" duration="2"/>
    <step time="15000.00" loaded="8639" inserted="8639" running="64" waiting="0" ended="8575" arrived="8575" collisions="0" teleports="0" halting="13" stopped="1" meanWaitingTime="2.02" meanTravelTime="122.58" meanSpeed="5.96" meanSpeedRelative="0.61" duration="2"/>
    <step time="15300.00" loaded="8804" inserted="8802" running="78" waiting="2" ended="8724" arrived="8724" collisions="0" teleports="0" halting="17" stopped="1" meanWaitingTime="2.01" meanTravelTime="122.52" meanSpeed="5.04" meanSpeedRelative="0.54" duration="3"/>
    <step time="15600.00" loaded="8970" inserted="8969" running="68" waiting="1" ended="8901" arrived="8901" collisions="0" teleports="0" halting="20" stopped="0" meanWaitingTime="2.00" meanTravelTime="122.78" meanSpeed="4.38" meanSpeedRelative="0.42" duration="3"/>
    <step time="15900.00" loaded="9143" inserted="9141" running="61" waiting="2" ended="9080" arrived="9080" collisions="0" teleports="0" halting="11" stopped="2" meanWaitingTime="1.98" meanTravelTime="122.58" meanSpeed="6.07" meanSpeedRelative="0.58" duration="3"/>
    <step time="16200.00" loaded="9359" inserted="9357" running="94" waiting="2" ended="9263" arrived="9263" collisions="0" teleports="0" halting="22" stopped="1" meanWaitingTime="1.97" meanTravelTime="122.14" meanSpeed="4.97" meanSpeedRelative="0.51" duration="3"/>
    <step time="16500.00" loaded="9571" inserted="9571" running="100" waiting="0" ended="9471" arrived="9471" collisions="0" teleports="0" halting="25" stopped="1" meanWaitingTime="1.99" meanTravelTime="122.34" meanSpeed="5.13" meanSpeedRelative="0.55" duration="3"/>
    <step time="16800.00" loaded="9768" inserted="9767" running="99" waiting="1" ended="9668" arrived="9668" collisions="0" teleports="0" halting="27" stopped="2" meanWaitingTime="2.00" meanTravelTime="123.06" meanSpeed="3.90" meanSpeedRelative="0.38" duration="4"/>
    <step time="17100.00" loaded="9975" inserted="9965" running="102" waiting="10" ended="9863" arrived="9863" collisions="0" teleports="0" halting="25" stopped="1" meanWaitingTime="2.08" meanTravelTime="123.62" meanSpeed="4.12" meanSpeedRelative="0.44" duration="4"/>
    <step time="17400.00" loaded="10150" inserted="10146" running="92" waiting="4" ended="10054" arrived="10054" collisions="0" teleports="0" halting="20" stopped="0" meanWaitingTime="2.23" meanTravelTime="124.17" meanSpeed="5.11" meanSpeedRelative="0.54" duration="3"/>
    <step time="17700.00" loaded="10313" inserted="10313" running="72" waiting="0" ended="10241" arrived="10241" collisions="0" teleports="0" halting="13" stopped="3" meanWaitingTime="2.21" meanTravelTime="124.87" meanSpeed="5.55" meanSpeedRelative="0.59" duration="3"/>
    <step time="18000.00" loaded="10510" inserted="10509" running="83" waiting="1" ended="10426" arrived="10426" collisions="0" teleports="0" halting="21" stopped="1" meanWaitingTime="2.20" meanTravelTime="124.86" meanSpeed="4.87" meanSpeedRelative="0.51" duration="3"/>
    <step time="18300.00" loaded="10688" inserted="10685" running="88" waiting="3" ended="10597" arrived="10597" collisions="0" teleports="0" halting="20" stopped="0" meanWaitingTime="2.20" meanTravelTime="124.82" meanSpeed="3.99" meanSpeedRelative="0.42" duration="3"/>
    <step time="18600.00" loaded="10877" inserted="10877" running="80" waiting="0" ended="10797" arrived="10797" collisions="0" teleports="0" halting="23" stopped="1" meanWaitingTime="2.21" meanTravelTime="124.93" meanSpeed="4.46" meanSpeedRelative="0.46" duration="3"/>
    <step time="18900.00" loaded="11067" inserted="11063" running="85" waiting="4" ended="10978" arrived="10978" collisions="0" teleports="0" halting="24" stopped="1" meanWaitingTime="2.22" meanTravelTime="124.99" meanSpeed="5.46" meanSpeedRelative="0.56" duration="3"/>
    <step time="19200.00" loaded="11235" inserted="11233" running="84" waiting="2" ended="11149" arrived="11149" collisions="0" teleports="0" halting="11" stopped="0" meanWaitingTime="2.22" meanTravelTime="125.34" meanSpeed="5.24" meanSpeedRelative="0.55" duration="3"/>
    <step time="19500.00" loaded="11427" inserted="11427" running="86" waiting="0" ended="11341" arrived="11341" collisions="0" teleports="0" halting="19" stopped="3" meanWaitingTime="2.29" meanTravelTime="125.64" meanSpeed="5.69" meanSpeedRelative="0.63" duration="3"/>
    <step time="19800.00" loaded="11650" inserted="11646" running="98" waiting="4" ended="11548" arrived="11548" collisions="0" teleports="0" halting="23" stopped="1" meanWaitingTime="2.30" meanTravelTime="125.74" meanSpeed="5.10" meanSpeedRelative="0.50" duration="3"/>
    <step time="20100.00" loaded="11867" inserted="11866" running="104" waiting="1" ended="11762" arrived="11762" collisions="0" teleports="0" halting="28" stopped="1" meanWaitingTime="2.31" meanTravelTime="125.87" meanSpeed="4.00" meanSpeedRelative="0.40" duration="4"/>
    <step time="20400.00" loaded="12070" inserted="12065" running="101" waiting="5" ended="11964" arrived="11964" collisions="0" teleports="0" halting="30" stopped="1" meanWaitingTime="2.34" meanTravelTime="126.27" meanSpeed="4.38" meanSpeedRelative="0.45" duration="4"/>
    <step time="20700.00" loaded="12264" inserted="12258" running="96" waiting="6" ended="12162" arrived="12162" collisions="0" teleports="0" halting="35" stopped="0" meanWaitingTime="2.42" meanTravelTime="126.64" meanSpeed="3.27" meanSpeedRelative="0.32" duration="3"/>
    <step time="21000.00" loaded="12462" inserted="12460" running="92" waiting="2" ended="12368" arrived="12368" collisions="0" teleports="0" halting="27" stopped="0" meanWaitingTime="2.42" meanTravelTime="126.91" meanSpeed="4.55" meanSpeedRelative="0.47" duration="2"/>
    <step time="21300.00" loaded="12667" inserted="12660" running="103" waiting="7" ended="12557" arrived="12557" collisions="0" teleports="0" halting="28" stopped="1" meanWaitingTime="2.51" meanTravelTime="127.19" meanSpeed="4.77" meanSpeedRelative="0.51" duration="3"/>
    <step time="21600.00" loaded="12878" inserted="12866" running="106" waiting="12" ended="12760" arrived="12760" collisions="0" teleports="0" halting="37" stopped="1" meanWaitingTime="2.59" meanTravelTime="127.55" meanSpeed="4.02" meanSpeedRelative="0.39" duration="4"/>
    <step time="21900.00" loaded="13111" inserted="13089" running="125" waiting="22" ended="12964" arrived="12964" collisions="0" teleports="0" halting="37" stopped="1" meanWaitingTime="2.85" meanTravelTime="127.96" meanSpeed="4.62" meanSpeedRelative="0.47" duration="4"/>
    <step time="22200.00" loaded="13329" inserted="13284" running="123" waiting="45" ended="13161" arrived="13161" collisions="0" teleports="0" halting="35" stopped="1" meanWaitingTime="3.37" meanTravelTime="128.53" meanSpeed="4.37" meanSpeedRelative="0.45" duration="5"/>
    <step time="22500.00" loaded="13553" inserted="13497" running="120" waiting="56" ended="13377" arrived="13377" collisions="0" teleports="0" halting="49" stopped="0" meanWaitingTime="4.26" meanTravelTime="128.92" meanSpeed="3.27" meanSpeedRelative="0.34" duration="5"/>
    <step time="22800.00" loaded="13755" inserted="13682" running="117" waiting="73" ended="13565" arrived="13565" collisions="0" teleports="0" halting="33" stopped="0" meanWaitingTime="5.07" meanTravelTime="129.61" meanSpeed="4.46" meanSpeedRelative="0.44" duration="2"/>
    <step time="23100.00" loaded="13970" inserted="13914" running="134" waiting="56" ended="13780" arrived="13780" collisions="0" teleports="0" halting="59" stopped="2" meanWaitingTime="6.93" meanTravelTime="130.11" meanSpeed="3.65" meanSpeedRelative="0.38" duration="5"/>
    <step time="23400.00" loaded="14217" inserted="14118" running="136" waiting="99" ended="13982" arrived="13982" collisions="0" teleports="0" halting="50" stopped="1" meanWaitingTime="8.21" meanTravelTime="131.13" meanSpeed="3.29" meanSpeedRelative="0.34" duration="5"/>
    <step time="23700.00" loaded="14470" inserted="14346" running="139" waiting="124" ended="14207" arrived="14207" collisions="0" teleports="0" halting="73" stopped="2" meanWaitingTime="9.72" meanTravelTime="131.81" meanSpeed="2.47" meanSpeedRelative="0.27" duration="4"/>
    <step time="24000.00" loaded="14701" inserted="14550" running="107" waiting="151" ended="14443" arrived="14443" collisions="0" teleports="0" halting="50" stopped="1" meanWaitingTime="11.77" meanTravelTime="132.44" meanSpeed="3.13" meanSpeedRelative="0.32" duration="5"/>
    <step time="24300.00" loaded="14921" inserted="14741" running="129" waiting="180" ended="14612" arrived="14612" collisions="0" teleports="0" halting="54" stopped="0" meanWaitingTime="13.70" meanTravelTime="133.03" meanSpeed="3.55" meanSpeedRelative="0.37" duration="5"/>
    <step time="24600.00" loaded="15144" inserted="14937" running="116" waiting="207" ended="14821" arrived="14821" collisions="0" teleports="0" halting="53" stopped="0" meanWaitingTime="16.74" meanTravelTime="133.84" meanSpeed="3.86" meanSpeedRelative="0.38" duration="5"/>
    <step time="24900.00" loaded="15379" inserted="15183" running="138" waiting="196" ended="15045" arrived="15045" collisions="0" teleports="0" halting="48" stopped="2" meanWaitingTime="19.63" meanTravelTime="134.52" meanSpeed="3.60" meanSpeedRelative="0.36" duration="5"/>
    <step time="25200.00" loaded="15621" inserted="15420" running="152" waiting="201" ended="15268" arrived="15268" collisions="0" teleports="0" halting="79" stopped="1" meanWaitingTime="22.93" meanTravelTime="135.33" meanSpeed="2.05" meanSpeedRelative="0.22" duration="6"/>
    <step time="25500.00" loaded="15857" inserted="15636" running="139" waiting="221" ended="15497" arrived="15497" collisions="0" teleports="0" halting="64" stopped="2" meanWaitingTime="26.55" meanTravelTime="136.13" meanSpeed="2.91" meanSpeedRelative="0.29" duration="5"/>
    <step time="25800.00" loaded="16094" inserted="15827" running="141" waiting="267" ended="15686" arrived="15686" collisions="0" teleports="0" halting="71" stopped="2" meanWaitingTime="28.27" meanTravelTime="137.12" meanSpeed="3.16" meanSpeedRelative="0.34" duration="5"/>
    <step time="26100.00" loaded="16352" inserted="16039" running="165" waiting="313" ended="15874" arrived="15874" collisions="0" teleports="0" halting="55" stopped="0" meanWaitingTime="30.12" meanTravelTime="137.72" meanSpeed="3.36" meanSpeedRelative="0.35" duration="6"/>
    <step time="26400.00" loaded="16613" inserted="16260" running="144" waiting="353" ended="16116" arrived="16116" collisions="0" teleports="0" halting="60" stopped="0" meanWaitingTime="33.00" meanTravelTime="138.47" meanSpeed="2.66" meanSpeedRelative="0.26" duration="6"/>
    <step time="26700.00" loaded="16835" inserted="16439" running="114" waiting="396" ended="16325" arrived="16325" collisions="0" teleports="0" halting="48" stopped="2" meanWaitingTime="35.77" meanTravelTime="139.19" meanSpeed="3.50" meanSpeedRelative="0.33" duration="4"/>
    <step time="27000.00" loaded="17107" inserted="16681" running="128" waiting="426" ended="16553" arrived="16553" collisions="0" teleports="0" halting="49" stopped="1" meanWaitingTime="42.04" meanTravelTime="140.35" meanSpeed="3.34" meanSpeedRelative="0.30" duration="5"/>
    <step time="27300.00" loaded="17339" inserted="16899" running="131" waiting="440" ended="16768" arrived="16768" collisions="0" teleports="0" halting="50" stopped="0" meanWaitingTime="49.31" meanTravelTime="140.83" meanSpeed="2.65" meanSpeedRelative="0.26" duration="6"/>
    <step time="27600.00" loaded="17595" inserted="17172" running="146" waiting="423" ended="17026" arrived="17026" collisions="0" teleports="0" halting="61" stopped="2" meanWaitingTime="57.58" meanTravelTime="141.32" meanSpeed="3.06" meanSpeedRelative="0.30" duration="6"/>
    <step time="27900.00" loaded="17829" inserted="17380" running="135" waiting="449" ended="17245" arrived="17245" collisions="0" teleports="0" halting="50" stopped="1" meanWaitingTime="61.83" meanTravelTime="141.89" meanSpeed="3.67" meanSpeedRelative="0.36" duration="6"/>
    <step time="28200.00" loaded="18050" inserted="17600" running="146" waiting="450" ended="17454" arrived="17454" collisions="0" teleports="0" halting="43" stopped="2" meanWaitingTime="68.21" meanTravelTime="142.38" meanSpeed="4.23" meanSpeedRelative="0.42" duration="5"/>
    <step time="28500.00" loaded="18301" inserted="17835" running="164" waiting="466" ended="17671" arrived="17671" collisions="0" teleports="0" halting="78" stopped="2" meanWaitingTime="73.45" meanTravelTime="143.10" meanSpeed="2.00" meanSpeedRelative="0.21" duration="7"/>
    <step time="28800.00" loaded="18545" inserted="18034" running="147" waiting="511" ended="17887" arrived="17887" collisions="0" teleports="0" halting="64" stopped="1" meanWaitingTime="77.86" meanTravelTime="144.22" meanSpeed="2.72" meanSpeedRelative="0.27" duration="6"/>
    <step time="29100.00" loaded="18788" inserted="18266" running="133" waiting="522" ended="18133" arrived="18133" collisions="0" teleports="0" halting="61" stopped="1" meanWaitingTime="86.22" meanTravelTime="144.71" meanSpeed="2.74" meanSpeedRelative="0.27" duration="5"/>
    <step time="29400.00" loaded="19020" inserted="18467" running="136" waiting="553" ended="18331" arrived="18331" collisions="0" teleports="0" halting="57" stopped="1" meanWaitingTime="92.40" meanTravelTime="145.09" meanSpeed="2.78" meanSpeedRelative="0.28" duration="5"/>
    <step time="29700.00" loaded="19250" inserted="18633" running="123" waiting="617" ended="18510" arrived="18510" collisions="0" teleports="0" halting="56" stopped="1" meanWaitingTime="95.91" meanTravelTime="145.65" meanSpeed="3.22" meanSpeedRelative="0.34" duration="6"/>
    <step time="30000.00" loaded="19469" inserted="18797" running="111" waiting="672" ended="18686" arrived="18686" collisions="0" teleports="0" halting="48" stopped="0" meanWaitingTime="100.06" meanTravelTime="146.35" meanSpeed="2.88" meanSpeedRelative="0.31" duration="6"/>
    <step time="30300.00" loaded="19663" inserted="19000" running="136" waiting="663" ended="18864" arrived="18864" collisions="0" teleports="0" halting="62" stopped="3" meanWaitingTime="106.84" meanTravelTime="147.04" meanSpeed="2.64" meanSpeedRelative="0.28" duration="5"/>
    <step time="30600.00" loaded="19942" inserted="19255" running="167" waiting="687" ended="19088" arrived="19088" collisions="0" teleports="0" halting="74" stopped="1" meanWaitingTime="111.80" meanTravelTime="147.96" meanSpeed="2.72" meanSpeedRelative="0.29" duration="7"/>
    <step time="30900.00" loaded="20164" inserted="19472" running="149" waiting="692" ended="19323" arrived="19323" collisions="0" teleports="0" halting="60" stopped="0" meanWaitingTime="119.06" meanTravelTime="148.44" meanSpeed="3.83" meanSpeedRelative="0.38" duration="6"/>
    <step time="31200.00" loaded="20401" inserted="19682" running="112" waiting="719" ended="19570" arrived="19570" collisions="0" teleports="0" halting="37" stopped="1" meanWaitingTime="123.81" meanTravelTime="148.65" meanSpeed="4.15" meanSpeedRelative="0.43" duration="5"/>
    <step time="31500.00" loaded="20615" inserted="19877" running="108" waiting="738" ended="19769" arrived="19769" collisions="0" teleports="0" halting="59" stopped="0" meanWaitingTime="128.57" meanTravelTime="148.62" meanSpeed="2.75" meanSpeedRelative="0.30" duration="5"/>
    <step time="31800.00" loaded="20808" inserted="20050" running="120" waiting="758" ended="19930" arrived="19930" collisions="0" teleports="0" halting="43" stopped="0" meanWaitingTime="132.51" meanTravelTime="148.77" meanSpeed="3.89" meanSpeedRelative="0.39" duration="6"/>
    <step time="32100.00" loaded="20981" inserted="20232" running="117" waiting="749" ended="20115" arrived="20115" collisions="0" teleports="0" halting="60" stopped="2" meanWaitingTime="139.29" meanTravelTime="149.29" meanSpeed="2.88" meanSpeedRelative="0.29" duration="4"/>
    <step time="32400.00" loaded="21174" inserted="20433" running="121" waiting="741" ended="20312" arrived="20312" collisions="0" teleports="0" halting="43" stopped="1" meanWaitingTime="150.48" meanTravelTime="149.83" meanSpeed="4.03" meanSpeedRelative="0.41" duration="5"/>
    <step time="32700.00" loaded="21359" inserted="20630" running="102" waiting="729" ended="20528" arrived="20528" collisions="0" teleports="0" halting="35" stopped="1" meanWaitingTime="161.67" meanTravelTime="150.14" meanSpeed="4.73" meanSpeedRelative="0.46" duration="5"/>
    <step time="33000.00" loaded="21557" inserted="20818" running="91" waiting="739" ended="20727" arrived="20727" collisions="0" teleports="0" halting="40" stopped="1" meanWaitingTime="167.20" meanTravelTime="150.07" meanSpeed="3.60" meanSpeedRelative="0.38" duration="4"/>
    <step time="33300.00" loaded="21755" inserted="20979" running="82" waiting="776" ended="20897" arrived="20897" collisions="0" teleports="0" halting="36" stopped="0" meanWaitingTime="171.56" meanTravelTime="150.13" meanSpeed="3.54" meanSpeedRelative="0.40" duration="3"/>
    <step time="33600.00" loaded="21902" inserted="21179" running="98" waiting="723" ended="21081" arrived="21081" collisions="0" teleports="0" halting="41" stopped="0" meanWaitingTime="190.90" meanTravelTime="149.97" meanSpeed="3.88" meanSpeedRelative="0.38" duration="4"/>
    <step time="33900.00" loaded="22108" inserted="21368" running="105" waiting="740" ended="21263" arrived="21263" collisions="0" teleports="0" halting="44" stopped="1" meanWaitingTime="198.45" meanTravelTime="150.22" meanSpeed="3.31" meanSpeedRelative="0.33" duration="4"/>
    <step time="34200.00" loaded="22296" inserted="21555" running="87" waiting="741" ended="21468" arrived="21468" collisions="0" teleports="0" halting="34" stopped="1" meanWaitingTime="210.68" meanTravelTime="150.21" meanSpeed="3.12" meanSpeedRelative="0.32" duration="4"/>
    <step time="34500.00" loaded="22482" inserted="21763" running="118" waiting="719" ended="21645" arrived="21645" collisions="0" teleports="0" halting="45" stopped="1" meanWaitingTime="221.60" meanTravelTime="150.25" meanSpeed="3.71" meanSpeedRelative="0.36" duration="4"/>
    <step time="34800.00" loaded="22666" inserted="21941" running="114" waiting="725" ended="21827" arrived="21827" collisions="0" teleports="0" halting="32" stopped="1" meanWaitingTime="229.00" meanTravelTime="150.37" meanSpeed="4.27" meanSpeedRelative="0.41" duration="5"/>
    <step time="35100.00" loaded="22850" inserted="22118" running="106" waiting="732" ended="22012" arrived="22012" collisions="0" teleports="0" halting="27" stopped="0" meanWaitingTime="236.19" meanTravelTime="150.62" meanSpeed="4.31" meanSpeedRelative="0.45" duration="4"/>
    <step time="35400.00" loaded="22981" inserted="22294" running="86" waiting="687" ended="22208" arrived="22208" collisions="0" teleports="0" halting="19" stopped="0" meanWaitingTime="247.50" meanTravelTime="150.80" meanSpeed="4.62" meanSpeedRelative="0.46" duration="5"/>
    <step time="35700.00" loaded="23131" inserted="22494" running="89" waiting="637" ended="22405" arrived="22405" collisions="0" teleports="0" halting="16" stopped="1" meanWaitingTime="256.48" meanTravelTime="150.64" meanSpeed="4.76" meanSpeedRelative="0.49" duration="3"/>
    <step time="36000.00" loaded="23305" inserted="22681" running="95" waiting="624" ended="22586" arrived="22586" collisions="0" teleports="0" halting="28" stopped="0" meanWaitingTime="263.20" meanTravelTime="150.45" meanSpeed="4.50" meanSpeedRelative="0.42" duration="4"/>
    <step time="36300.00" loaded="23507" inserted="22875" running="110" waiting="632" ended="22765" arrived="22765" collisions="0" teleports="0" halting="40" stopped="0" meanWaitingTime="269.59" meanTravelTime="150.44" meanSpeed="3.91" meanSpeedRelative="0.38" duration="5"/>
    <step time="36600.00" loaded="23647" inserted="23028" running="90" waiting="619" ended="22938" arrived="22938" collisions="0" teleports="0" halting="19" stopped="1" meanWaitingTime="274.48" meanTravelTime="150.50" meanSpeed="5.70" meanSpeedRelative="0.56" duration="4"/>
    <step time="36900.00" loaded="23805" inserted="23207" running="98" waiting="598" ended="23109" arrived="23109" collisions="0" teleports="0" halting="22" stopped="0" meanWaitingTime="281.67" meanTravelTime="150.54" meanSpeed="4.89" meanSpeedRelative="0.48" duration="4"/>
    <step time="37200.00" loaded="23947" inserted="23396" running="114" waiting="551" ended="23282" arrived="23282" collisions="0" teleports="0" halting="43" stopped="0" meanWaitingTime="291.05" meanTravelTime="150.69" meanSpeed="4.06" meanSpeedRelative="0.39" duration="5"/>
    <step time="37500.00" loaded="24063" inserted="23548" running="95" waiting="515" ended="23453" arrived="23453" collisions="0" teleports="0" halting="19" stopped="1" meanWaitingTime="297.39" meanTravelTime="151.02" meanSpeed="4.63" meanSpeedRelative="0.47" duration="4"/>
    <step time="37800.00" loaded="24206" inserted="23706" running="82" waiting="500" ended="23624" arrived="23624" collisions="0" teleports="0" halting="28" stopped="0" meanWaitingTime="304.70" meanTravelTime="151.10" meanSpeed="4.16" meanSpeedRelative="0.46" duration="3"/>
    <step time="38100.00" loaded="24331" inserted="23895" running="83" waiting="436" ended="23812" arrived="23812" collisions="0" teleports="0" halting="23" stopped="0" meanWaitingTime="311.34" meanTravelTime="150.91" meanSpeed="4.29" meanSpeedRelative="0.42" duration="4"/>
    <step time="38400.00" loaded="24473" inserted="24077" running="79" waiting="396" ended="23998" arrived="23998" collisions="0" teleports="0" halting="29" stopped="1" meanWaitingTime="315.10" meanTravelTime="150.89" meanSpeed="4.10" meanSpeedRelative="0.41" duration="4"/>
    <step time="38700.00" loaded="24569" inserted="24207" running="82" waiting="362" ended="24125" arrived="24125" collisions="0" teleports="0" halting="21" stopped="1" meanWaitingTime="319.33" meanTravelTime="151.03" meanSpeed="4.22" meanSpeedRelative="0.43" duration="4"/>
    <step time="39000.00" loaded="24681" inserted="24370" running="88" waiting="311" ended="24282" arrived="24282" collisions="0" teleports="0" halting="25" stopped="0" meanWaitingTime="324.92" meanTravelTime="151.16" meanSpeed="3.80" meanSpeedRelative="0.39" duration="4"/>
    <step time="39300.00" loaded="24768" inserted="24491" running="76" waiting="277" ended="24415" arrived="24415" collisions="0" teleports="0" halting="19" stopped="0" meanWaitingTime="329.48" meanTravelTime="151.25" meanSpeed="4.58" meanSpeedRelative="0.47" duration="3"/>
    <step time="39600.00" loaded="24867" inserted="24638" running="88" waiting="229" ended="24550" arrived="24550" collisions="0" teleports="0" halting="19" stopped="0" meanWaitingTime="334.63" meanTravelTime="151.32" meanSpeed="3.92" meanSpeedRelative="0.39" duration="3"/>
    <step time="39900.00" loaded="24955" inserted="24778" running="85" waiting="177" ended="24693" arrived="24693" collisions="0" teleports="0" halting="24" stopped="0" meanWaitingTime="338.69" meanTravelTime="151.41" meanSpeed="3.28" meanSpeedRelative="0.33" duration="3"/>
    <step time="40200.00" loaded="25054" inserted="24928" running="91" waiting="126" ended="24837" arrived="24837" collisions="0" teleports="0" halting="27" stopped="1" meanWaitingTime="341.03" meanTravelTime="151.45" meanSpeed="3.29" meanSpeedRelative="0.32" duration="4"/>
    <step time="40500.00" loaded="25139" inserted="25047" running="75" waiting="92" ended="24972" arrived="24972" collisions="0" teleports="0" halting="23" stopped="0" meanWaitingTime="342.21" meanTravelTime="151.76" meanSpeed="5.11" meanSpeedRelative="0.51" duration="3"/>
    <step time="40800.00" loaded="25221" inserted="25205" running="69" waiting="16" ended="25136" arrived="25136" collisions="0" teleports="0" halting="15" stopped="0" meanWaitingTime="342.26" meanTravelTime="151.95" meanSpeed="5.79" meanSpeedRelative="0.60" duration="4"/>
    <step time="41100.00" loaded="25293" inserted="25293" running="27" waiting="0" ended="25266" arrived="25266" collisions="0" teleports="0" halting="10" stopped="0" meanWaitingTime="341.14" meanTravelTime="151.94" meanSpeed="5.76" meanSpeedRelative="0.56" duration="1"/>
    <step time="41400.00" loaded="25360" inserted="25360" running="22" waiting="0" ended="25338" arrived="25338" collisions="0" teleports="0" halting="3" stopped="0" meanWaitingTime="340.24" meanTravelTime="151.79" meanSpeed="6.83" meanSpeedRelative="0.71" duration="1"/>
    <step time="41700.00" loaded="25437" inserted="25437" running="20" waiting="0" ended="25417" arrived="25417" collisions="0" teleports="0" halting="2" stopped="0" meanWaitingTime="339.21" meanTravelTime="151.62" meanSpeed="7.08" meanSpeedRelative="0.75" duration="1"/>
    <step time="42000.00" loaded="25508" inserted="25508" running="33" waiting="0" ended="25475" arrived="25475" collisions="0" teleports="0" halting="9" stopped="1" meanWaitingTime="338.27" meanTravelTime="151.49" meanSpeed="5.93" meanSpeedRelative="0.62" duration="2"/>
    <step time="42300.00" loaded="25581" inserted="25581" running="18" waiting="0" ended="25563" arrived="25563" collisions="0" teleports="0" halting="3" stopped="1" meanWaitingTime="337.30" meanTravelTime="151.34" meanSpeed="7.10" meanSpeedRelative="0.80" duration="1"/>
    <step time="42600.00" loaded="25661" inserted="25660" running="25" waiting="1" ended="25635" arrived="25635" collisions="0" teleports="0" halting="3" stopped="0" meanWaitingTime="336.27" meanTravelTime="151.22" meanSpeed="7.24" meanSpeedRelative="0.65" duration="1"/>
    <step time="42900.00" loaded="25734" inserted="25734" running="28" waiting="0" ended="25706" arrived="25706" collisions="0" teleports="0" halting="4" stopped="0" meanWaitingTime="335.30" meanTravelTime="151.06" meanSpeed="5.74" meanSpeedRelative="0.55" duration="2"/>
    <step time="43200.00" loaded="25822" inserted="25822" running="33" waiting="0" ended="25789" arrived="25789" collisions="0" teleports="0" halting="6" stopped="0" meanWaitingTime="334.16" meanTravelTime="150.89" meanSpeed="6.75" meanSpeedRelative="0.65" duration="2"/>
    <step time="43500.00" loaded="25900" inserted="25900" running="24" waiting="0" ended="25876" arrived="25876" collisions="0" teleports="0" halting="5" stopped="0" meanWaitingTime="333.15" meanTravelTime="150.72" meanSpeed="5.96" meanSpeedRelative="0.63" duration="1"/>
    <step time="43800.00" loaded="25964" inserted="25964" running="32" waiting="0" ended="25932" arrived="25932" collisions="0" teleports="0" halting="2" stopped="0" meanWaitingTime="332.33" meanTravelTime="150.61" meanSpeed="5.84" meanSpeedRelative="0.56" duration="1"/>
    <step time="44100.00" loaded="26034" inserted="26034" running="19" waiting="0" ended="26015" arrived="26015" collisions="0" teleports="0" halting="4" stopped="0" meanWaitingTime="331.44" meanTravelTime="150.46" meanSpeed="5.87" meanSpeedRelative="0.63" duration="1"/>
    <step time="44400.00" loaded="26117" inserted="26117" running="32" waiting="0" ended="26085" arrived="26085" collisions="0" teleports="0" halting="2" stopped="0" meanWaitingTime="330.39" meanTravelTime="150.34" meanSpeed="7.48" meanSpeedRelative="0.76" duration="1"/>
    <step time="44700.00" loaded="26182" inserted="26182" running="22" waiting="0" ended="26160" arrived="26160" collisions="0" teleports="0" halting="5" stopped="0" meanWaitingTime="329.57" meanTravelTime="150.18" meanSpeed="5.67" meanSpeedRelative="0.60" duration="1"/>
    <step time="45000.00" loaded="26233" inserted="26233" running="20" waiting="0" ended="26213" arrived="26213" collisions="0" teleports="0" halting="2" stopped="0" meanWaitingTime="328.93" meanTravelTime="150.08" meanSpeed="6.69" meanSpeedRelative="0.78" duration="1"/>
    <step time="45300.00" loaded="26292" inserted="26292" running="17" waiting="0" ended="26275" arrived="26275" collisions="0" teleports="0" halting="0" stopped="0" meanWaitingTime="328.19" meanTravelTime="149.95" meanSpeed="5.23" meanSpeedRelative="0.55" duration="1"/>
    <step time="45600.00" loaded="26356" inserted="26356" running="23" waiting="0" ended="26333" arrived="26333" collisions="0" teleports="0" halting="7" stopped="1" meanWaitingTime="327.39" meanTravelTime="149.83" meanSpeed="5.27" meanSpeedRelative="0.61" duration="1"/>
    <step time="45900.00" loaded="26415" inserted="26415" running="15" waiting="0" ended="26400" arrived="26400" collisions="0" teleports="0" halting="2" stopped="1" meanWaitingTime="326.66" meanTravelTime="149.71" meanSpeed="8.54" meanSpeedRelative="0.90" duration="0"/>
    <step time="46200.00" loaded="26467" inserted="26467" running="12" waiting="0" ended="26455" arrived="26455" collisions="0" teleports="0" halting="1" stopped="0" meanWaitingTime="326.02" meanTravelTime="149.60" meanSpeed="5.23" meanSpeedRelative="0.61" duration="0"/>
    <step time="46500.00" loaded="26526" inserted="26526" running="17" waiting="0" ended="26509" arrived="26509" collisions="0" teleports="0" halting="1" stopped="0" meanWaitingTime="325.30" meanTravelTime="149.45" meanSpeed="7.42" meanSpeedRelative="0.78" duration="0"/>
    <step time="46800.00" loaded="26581" inserted="26581" running="12" waiting="0" ended="26569" arrived="26569" collisions="0" teleports="0" halting="0" stopped="0" meanWaitingTime="324.62" meanTravelTime="149.29" meanSpeed="6.54" meanSpeedRelative="0.59" duration="0"/>
    <step time="47100.00" loaded="26623" inserted="26623" running="8" waiting="0" ended="26615" arrived="26615" collisions="0" teleports="0" halting="2" stopped="0" meanWaitingTime="324.11" meanTravelTime="149.14" meanSpeed="7.62" meanSpeedRelative="0.69" duration="0"/>
    <step time="47400.00" loaded="26688" inserted="26687" running="15" waiting="1" ended="26672" arrived="26672" collisions="0" teleports="0" halting="5" stopped="2" meanWaitingTime="323.33" meanTravelTime="148.97" meanSpeed="5.35" meanSpeedRelative="0.57" duration="1"/>
    <step time="47700.00" loaded="26739" inserted="26739" running="11" waiting="0" ended="26728" arrived="26728" collisions="0" teleports="0" halting="2" stopped="0" meanWaitingTime="322.71" meanTravelTime="148.85" meanSpeed="5.89" meanSpeedRelative="0.60" duration="0"/>
    <step time="48000.00" loaded="26786" inserted="26786" running="13" waiting="0" ended="26773" arrived="26773" collisions="0" teleports="0" halting="2" stopped="0" meanWaitingTime="322.14" meanTravelTime="148.72" meanSpeed="5.83" meanSpeedRelative="0.56" duration="1"/>
    <step time="48300.00" loaded="26843" inserted="26843" running="12" waiting="0" ended="26831" arrived="26831" collisions="0" teleports="0" halting="1" stopped="0" meanWaitingTime="321.46" meanTravelTime="148.55" meanSpeed="7.75" meanSpeedRelative="0.73" duration="1"/>
    <step time="48600.00" loaded="26876" inserted="26876" running="13" waiting="0" ended="26863" arrived="26863" collisions="0" teleports="0" halting="2" stopped="0" meanWaitingTime="321.06" meanTravelTime="148.46" meanSpeed="7.28" meanSpeedRelative="0.70" duration="1"/>
    <step time="48900.00" loaded="26914" inserted="26914" running="5" waiting="0" ended="26909" arrived="26909" collisions="0" teleports="0" halting="1" stopped="0" meanWaitingTime="320.61" meanTravelTime="148.31" meanSpeed="6.32" meanSpeedRelative="0.76" duration="0"/>
    <step time="49200.00" loaded="26960" inserted="26960" running="15" waiting="0" ended="26945" arrived="26945" collisions="0" teleports="0" halting="6" stopped="2" meanWaitingTime="320.06" meanTravelTime="148.21" meanSpeed="6.56" meanSpeedRelative="0.57" duration="0"/>
    <step time="49500.00" loaded="27001" inserted="27001" running="12" waiting="0" ended="26989" arrived="26989" collisions="0" teleports="0" halting="2" stopped="1" meanWaitingTime="319.58" meanTravelTime="148.10" meanSpeed="6.33" meanSpeedRelative="0.70" duration="1"/>
</summary>
